name,url
VAPE IT STORE II,https://jportal.mdcourts.gov/license/pbLicenseDetail.jsp?owi=2RfKmQ%2FBrww%3D
VAPE IT STORE I,https://jportal.mdcourts.gov/license/pbLicenseDetail.jsp?owi=9C29FZTW3bA%3D
VAPEPAD THE,https://jportal.mdcourts.gov/license/pbLicenseDetail.jsp?owi=WV3x0tF0Zfo%3D
VAPE FROG,
VAPE FROG,
VAPE LOFT THE,https://jportal.mdcourts.gov/license/pbLicenseDetail.jsp?owi=MmTpaQrpllw%3D
VAPE N CIGAR,https://jportal.mdcourts.gov/license/pbLicenseDetail.jsp?owi=u7mFPwy9isU%3D
VAPE DOJO,https://jportal.mdcourts.gov/license/pbLicenseDetail.jsp?owi=TfOlEnzUR7s%3D
VAPE HAVEN,
VAPORS LOUNGE,
VAPORFI SOUTHSIDE,https://jportal.mdcourts.gov/license/pbLicenseDetail.jsp?owi=r1EqByKtcag%3D
VAPE DO JO,https://jportal.mdcourts.gov/license/pbLicenseDetail.jsp?owi=JDpfhFaZt5o%3D
VAPERTETMD,
VAPERTEKMD,https://jportal.mdcourts.gov/license/pbLicenseDetail.jsp?owi=PazbwZRmY18%3D
VAPORIOT,
VAPE PLUS,https://jportal.mdcourts.gov/license/pbLicenseDetail.jsp?owi=5Ai8Kemw4vM%3D
VAPE SOCIAL,https://jportal.mdcourts.gov/license/pbLicenseDetail.jsp?owi=KH8ZQtKH7D8%3D
VAPE JUNGLE,https://jportal.mdcourts.gov/license/pbLicenseDetail.jsp?owi=EIJtnOQs4xU%3D
VAPE TIME,
VAPEBAR EXPESS,
VAPEWERKS,https://jportal.mdcourts.gov/license/pbLicenseDetail.jsp?owi=V30xRqGuews%3D
VAPIST MD,https://jportal.mdcourts.gov/license/pbLicenseDetail.jsp?owi=QjFovHA2NH8%3D
VAPOR 99,
VAPOR ALLEY,https://jportal.mdcourts.gov/license/pbLicenseDetail.jsp?owi=D0XxrSHJhWY%3D
VAPOR EMPORIUM,https://jportal.mdcourts.gov/license/pbLicenseDetail.jsp?owi=kaMxjdTgcKs%3D
VAPOR VILLA,https://jportal.mdcourts.gov/license/pbLicenseDetail.jsp?owi=a4W3hJSQ7uY%3D
VAPOR VILLA,https://jportal.mdcourts.gov/license/pbLicenseDetail.jsp?owi=ga9xk6uHF5E%3D
VAPORS LOUNGE,https://jportal.mdcourts.gov/license/pbLicenseDetail.jsp?owi=LdMGVO7yfiE%3D
VAPE DOJO,https://jportal.mdcourts.gov/license/pbLicenseDetail.jsp?owi=c7H1l6eyPw8%3D
VAPE DOJO,https://jportal.mdcourts.gov/license/pbLicenseDetail.jsp?owi=0bVVL%2FcFNKM%3D
VAPE DOJO,https://jportal.mdcourts.gov/license/pbLicenseDetail.jsp?owi=a2ozvMqcH58%3D
VAPE DOJO,https://jportal.mdcourts.gov/license/pbLicenseDetail.jsp?owi=vTaoVQ9Rm1M%3D
VAPEZ YARDHOUSE,
VAPERS RING,https://jportal.mdcourts.gov/license/pbLicenseDetail.jsp?owi=zt%2BofGmXjjo%3D
